USE `BookData`;

INSERT INTO `Books` VALUES ('Laura Ingalls Wilder Country: The People and places in Laura Ingalls Wilder\'s life and books',9780060973469,'Harper Perennial','fantasy',15.96,0.1132);
INSERT INTO `Editors` VALUES (0,'Willie Edison');
INSERT INTO `BookEditors` VALUES (9780060973469,0);
INSERT INTO `Authors` VALUES (0,'William Anderson');
INSERT INTO `BookAuthors` VALUES (9780060973469,0);
INSERT INTO `Authors` VALUES (1,'Leslie A. Kelly');
INSERT INTO `BookAuthors` VALUES (9780060973469,1);
INSERT INTO `Books` VALUES ('Fullmetal Alchemist  Vol. 5 (Fullmetal Alchemist  #5)',9781421501758,'VIZ Media LLC','nonfiction',28.53,0.1094);
INSERT INTO `BookEditors` VALUES (9781421501758,NULL);
INSERT INTO `Authors` VALUES (2,'Hiromu Arakawa');
INSERT INTO `BookAuthors` VALUES (9781421501758,2);
INSERT INTO `Authors` VALUES (3,'Akira Watanabe');
INSERT INTO `BookAuthors` VALUES (9781421501758,3);
INSERT INTO `Books` VALUES ('The Wizard of London (Elemental Masters  #4)',9780756403638,'DAW','sci-fi',17.93,0.1358);
INSERT INTO `Editors` VALUES (1,'Charles Elliott');
INSERT INTO `BookEditors` VALUES (9780756403638,1);
INSERT INTO `Authors` VALUES (4,'Mercedes Lackey');
INSERT INTO `BookAuthors` VALUES (9780756403638,4);
INSERT INTO `Books` VALUES ('The Bostonians',9780192834423,'Oxford University Press','sci-fi',16.05,0.0537);
INSERT INTO `BookEditors` VALUES (9780192834423,1);
INSERT INTO `Authors` VALUES (5,'Henry James');
INSERT INTO `BookAuthors` VALUES (9780192834423,5);
INSERT INTO `Authors` VALUES (6,'R.D. Gooder');
INSERT INTO `BookAuthors` VALUES (9780192834423,6);
INSERT INTO `Books` VALUES ('Drop The Rock: Removing Character Defects - Steps Six and Seven',9781592851614,'Hazelden Publishing','sci-fi',27.78,0.1077);
INSERT INTO `Editors` VALUES (2,'Lucia Anderson');
INSERT INTO `BookEditors` VALUES (9781592851614,2);
INSERT INTO `Authors` VALUES (7,'Bill Pittman');
INSERT INTO `BookAuthors` VALUES (9781592851614,7);
INSERT INTO `Authors` VALUES (8,'Todd W. Hall');
INSERT INTO `BookAuthors` VALUES (9781592851614,8);
INSERT INTO `Authors` VALUES (9,'Sara S.');
INSERT INTO `BookAuthors` VALUES (9781592851614,9);
INSERT INTO `Authors` VALUES (10,'Todd W.');
INSERT INTO `BookAuthors` VALUES (9781592851614,10);
INSERT INTO `Books` VALUES ('Some Ether',9781555973032,'Graywolf Press','fantasy',19.59,0.087);
INSERT INTO `Editors` VALUES (3,'Joann Hale');
INSERT INTO `BookEditors` VALUES (9781555973032,3);
INSERT INTO `Authors` VALUES (11,'Nick Flynn');
INSERT INTO `BookAuthors` VALUES (9781555973032,11);
INSERT INTO `Books` VALUES ('More Readings From One Man\'s Wilderness: The Journals of Richard L. Proenneke  1974-1980',9780160729942,'National Park Service','sci-fi',10.83,0.1392);
INSERT INTO `Editors` VALUES (4,'Ruth Fallon');
INSERT INTO `BookEditors` VALUES (9780160729942,4);
INSERT INTO `Authors` VALUES (12,'Richard Proenneke');
INSERT INTO `BookAuthors` VALUES (9780160729942,12);
INSERT INTO `Authors` VALUES (13,'John Branson');
INSERT INTO `BookAuthors` VALUES (9780160729942,13);
INSERT INTO `Books` VALUES ('Forever Summer',9780701176150,'Chatto  Windus','autobiography',10.98,0.1433);
INSERT INTO `BookEditors` VALUES (9780701176150,4);
INSERT INTO `Authors` VALUES (14,'Nigella Lawson');
INSERT INTO `BookAuthors` VALUES (9780701176150,14);
INSERT INTO `Books` VALUES ('A Fearsome Doubt (Inspector Ian Rutledge  #6)',9780553583175,'Bantam','fantasy',27.06,0.0864);
INSERT INTO `BookEditors` VALUES (9780553583175,4);
INSERT INTO `Authors` VALUES (15,'Charles Todd');
INSERT INTO `BookAuthors` VALUES (9780553583175,15);
INSERT INTO `Books` VALUES ('Late Victorian Holocausts: El Niño Famines and the Making of the Third World',9781859843826,'Verso','fantasy',18.76,0.0801);
INSERT INTO `BookEditors` VALUES (9781859843826,NULL);
INSERT INTO `Authors` VALUES (16,'Mike  Davis');
INSERT INTO `BookAuthors` VALUES (9781859843826,16);
INSERT INTO `Books` VALUES ('Joust (Dragon Jousters  #1)',9780756401535,'DAW','mystery',21.17,0.0805);
INSERT INTO `BookEditors` VALUES (9780756401535,NULL);
INSERT INTO `BookAuthors` VALUES (9780756401535,16);
INSERT INTO `Books` VALUES ('Lithium for Medea',9781583224717,'Seven Stories Press','sci-fi',12.37,0.0908);
INSERT INTO `Editors` VALUES (5,'Esther Norfleet');
INSERT INTO `BookEditors` VALUES (9781583224717,5);
INSERT INTO `Authors` VALUES (17,'Kate Braverman');
INSERT INTO `BookAuthors` VALUES (9781583224717,17);
INSERT INTO `Authors` VALUES (18,'Rick Moody');
INSERT INTO `BookAuthors` VALUES (9781583224717,18);
INSERT INTO `Books` VALUES ('Moral Luck: Philosophical Papers 1973-1980',9780521286916,'Cambridge University Press','nonfiction',7.55,0.0833);
INSERT INTO `BookEditors` VALUES (9780521286916,NULL);
INSERT INTO `Authors` VALUES (19,'Bernard Williams');
INSERT INTO `BookAuthors` VALUES (9780521286916,19);
INSERT INTO `Books` VALUES ('Love Poems',9780688149895,'William Morrow','nonfiction',11.72,0.0985);
INSERT INTO `BookEditors` VALUES (9780688149895,NULL);
INSERT INTO `Authors` VALUES (20,'Nikki Giovanni');
INSERT INTO `BookAuthors` VALUES (9780688149895,20);
INSERT INTO `Books` VALUES ('Eating for Life: Your Guide to Great Health  Fat Loss and Increased Energy!',9780972018418,'High Point Media','nonfiction',8.92,0.1206);
INSERT INTO `BookEditors` VALUES (9780972018418,NULL);
INSERT INTO `Authors` VALUES (21,'Bill Phillips');
INSERT INTO `BookAuthors` VALUES (9780972018418,21);
INSERT INTO `Books` VALUES ('Pardonable Lies (Maisie Dobbs  #3)',9780312426217,'Picador USA','sci-fi',12.35,0.0626);
INSERT INTO `BookEditors` VALUES (9780312426217,NULL);
INSERT INTO `Authors` VALUES (22,'Jacqueline Winspear');
INSERT INTO `BookAuthors` VALUES (9780312426217,22);
INSERT INTO `Books` VALUES ('A Pinch of Poison (Hemlock Falls Mysteries  #3)',9780425151044,'Berkley','nonfiction',12.5,0.0658);
INSERT INTO `BookEditors` VALUES (9780425151044,NULL);
INSERT INTO `Authors` VALUES (23,'Claudia Bishop');
INSERT INTO `BookAuthors` VALUES (9780425151044,23);
INSERT INTO `Books` VALUES ('Nine Coaches Waiting',9781556526183,'Chicago Review Press','fantasy',15.79,0.1339);
INSERT INTO `BookEditors` VALUES (9781556526183,NULL);
INSERT INTO `Authors` VALUES (24,'Mary  Stewart');
INSERT INTO `BookAuthors` VALUES (9781556526183,24);
INSERT INTO `Authors` VALUES (25,'Sandra Brown');
INSERT INTO `BookAuthors` VALUES (9781556526183,25);
INSERT INTO `Books` VALUES ('A Caress of Twilight (Merry Gentry  #2)',9780345478160,'Ballantine Books','sci-fi',19.09,0.1413);
INSERT INTO `BookEditors` VALUES (9780345478160,NULL);
INSERT INTO `Authors` VALUES (26,'Laurell K. Hamilton');
INSERT INTO `BookAuthors` VALUES (9780345478160,26);
INSERT INTO `Books` VALUES ('Murder at the Vicarage (Miss Marple  #1)',9781579126254,'Black Dog & Leventhal Publishers','sci-fi',26.25,0.063);
INSERT INTO `BookEditors` VALUES (9781579126254,NULL);
INSERT INTO `Authors` VALUES (27,'Agatha Christie');
INSERT INTO `BookAuthors` VALUES (9781579126254,27);
INSERT INTO `Books` VALUES ('The Labours of Hercules (Hercule Poirot  #27)',9781572704572,'AudioGO','mystery',27.59,0.0519);
INSERT INTO `BookEditors` VALUES (9781572704572,NULL);
INSERT INTO `BookAuthors` VALUES (9781572704572,27);
INSERT INTO `Authors` VALUES (28,'Hugh Fraser');
INSERT INTO `BookAuthors` VALUES (9781572704572,28);
INSERT INTO `Books` VALUES ('LT\'s Theory of Pets',9780743520058,'Simon  Schuster Audio','nonfiction',14.44,0.0927);
INSERT INTO `BookEditors` VALUES (9780743520058,NULL);
INSERT INTO `Authors` VALUES (29,'Stephen King');
INSERT INTO `BookAuthors` VALUES (9780743520058,29);
INSERT INTO `Books` VALUES ('Butterfly Suits (Disney\'s Little Einsteins)',9780786855384,'Disney Press','sci-fi',18.55,0.1019);
INSERT INTO `Editors` VALUES (6,'Jonathan Hill');
INSERT INTO `BookEditors` VALUES (9780786855384,6);
INSERT INTO `Authors` VALUES (30,'Marcy Kelman');
INSERT INTO `BookAuthors` VALUES (9780786855384,30);
INSERT INTO `Authors` VALUES (31,'Nadeem Zaidi');
INSERT INTO `BookAuthors` VALUES (9780786855384,31);
INSERT INTO `Authors` VALUES (32,'Andy Mastrocinque');
INSERT INTO `BookAuthors` VALUES (9780786855384,32);
INSERT INTO `Books` VALUES ('American Slavery  American Freedom',9780393324945,'W. W. Norton & Company','mystery',22.06,0.0835);
INSERT INTO `BookEditors` VALUES (9780393324945,NULL);
INSERT INTO `Authors` VALUES (33,'Edmund S. Morgan');
INSERT INTO `BookAuthors` VALUES (9780393324945,33);
INSERT INTO `Books` VALUES ('The Richest Man in Babylon',9781419349997,'Recorded Books  Inc.','mystery',8.17,0.1363);
INSERT INTO `BookEditors` VALUES (9781419349997,NULL);
INSERT INTO `Authors` VALUES (34,'George S. Clason');
INSERT INTO `BookAuthors` VALUES (9781419349997,34);
INSERT INTO `Books` VALUES ('Smoke and Mirrors: Short Fiction and Illusions',9780380789023,'Avon Books','autobiography',27.07,0.0918);
INSERT INTO `BookEditors` VALUES (9780380789023,NULL);
INSERT INTO `Authors` VALUES (35,'Neil Gaiman');
INSERT INTO `BookAuthors` VALUES (9780380789023,35);
INSERT INTO `Books` VALUES ('The Giraffe Who Was Afraid of Heights (Physical & Behavioral Adaptation)',9780976882305,'Arbordale Publishing','nonfiction',29.06,0.1424);
INSERT INTO `BookEditors` VALUES (9780976882305,NULL);
INSERT INTO `Authors` VALUES (36,'David A. Ufer');
INSERT INTO `BookAuthors` VALUES (9780976882305,36);
INSERT INTO `Authors` VALUES (37,'Kirsten Carlson');
INSERT INTO `BookAuthors` VALUES (9780976882305,37);
INSERT INTO `Books` VALUES ('Betsy and Tacy Go Downtown (Betsy-Tacy  #4)',9780690134490,'Thomas Y. Crowell Company','nonfiction',21.44,0.0826);
INSERT INTO `Editors` VALUES (7,'Sarah Dahlin');
INSERT INTO `BookEditors` VALUES (9780690134490,7);
INSERT INTO `Authors` VALUES (38,'Maud Hart Lovelace');
INSERT INTO `BookAuthors` VALUES (9780690134490,38);
INSERT INTO `Authors` VALUES (39,'Lois Lenski');
INSERT INTO `BookAuthors` VALUES (9780690134490,39);
INSERT INTO `Books` VALUES ('Euripides 3: Alcestis/Daughters of Troy/The Phoenician Women/Iphigenia at Aulis/Rhesus',9780812216509,'University of Pennsylvania Press','autobiography',17.74,0.0861);
INSERT INTO `BookEditors` VALUES (9780812216509,NULL);
INSERT INTO `Authors` VALUES (40,'Euripides');
INSERT INTO `BookAuthors` VALUES (9780812216509,40);
INSERT INTO `Authors` VALUES (41,'David R. Slavitt');
INSERT INTO `BookAuthors` VALUES (9780812216509,41);
INSERT INTO `Authors` VALUES (42,'Smith Palmer Bovie');
INSERT INTO `BookAuthors` VALUES (9780812216509,42);
INSERT INTO `Authors` VALUES (43,'Fred Chappell');
INSERT INTO `BookAuthors` VALUES (9780812216509,43);
INSERT INTO `Authors` VALUES (44,'Mark Rudman');
INSERT INTO `BookAuthors` VALUES (9780812216509,44);
INSERT INTO `Authors` VALUES (45,'Elaine Terranova');
INSERT INTO `BookAuthors` VALUES (9780812216509,45);
INSERT INTO `Authors` VALUES (46,'Richard Elman');
INSERT INTO `BookAuthors` VALUES (9780812216509,46);
INSERT INTO `Authors` VALUES (47,'Katharine Washburn');
INSERT INTO `BookAuthors` VALUES (9780812216509,47);
INSERT INTO `Authors` VALUES (48,'George D. Economou');
INSERT INTO `BookAuthors` VALUES (9780812216509,48);
INSERT INTO `Books` VALUES ('Everything Bad is Good for You',9781594481949,'Riverhead Books','fantasy',7.77,0.0893);
INSERT INTO `BookEditors` VALUES (9781594481949,NULL);
INSERT INTO `Authors` VALUES (49,'Steven Johnson');
INSERT INTO `BookAuthors` VALUES (9781594481949,49);
INSERT INTO `Books` VALUES ('Cities in Dust (Wasteland #1)',9781932664591,'Oni Press','fantasy',21.38,0.1043);
INSERT INTO `BookEditors` VALUES (9781932664591,NULL);
INSERT INTO `Authors` VALUES (50,'Antony Johnston');
INSERT INTO `BookAuthors` VALUES (9781932664591,50);
INSERT INTO `Authors` VALUES (51,'Christopher Mitten');
INSERT INTO `BookAuthors` VALUES (9781932664591,51);
INSERT INTO `Books` VALUES ('Interaction Ritual - Essays on Face-to-Face Behavior',9780394706313,'Pantheon','mystery',5.31,0.1123);
INSERT INTO `Editors` VALUES (8,'Deshawn Smith');
INSERT INTO `BookEditors` VALUES (9780394706313,8);
INSERT INTO `Authors` VALUES (52,'Erving Goffman');
INSERT INTO `BookAuthors` VALUES (9780394706313,52);
INSERT INTO `Books` VALUES ('Not Since Carrie: Forty Years of Broadway Musical Flops',9780312082734,'St. Martin\'s Griffin','sci-fi',29.83,0.0802);
INSERT INTO `Editors` VALUES (9,'Mandy Bullock');
INSERT INTO `BookEditors` VALUES (9780312082734,9);
INSERT INTO `Authors` VALUES (53,'Ken Mandelbaum');
INSERT INTO `BookAuthors` VALUES (9780312082734,53);
INSERT INTO `Books` VALUES ('Dragonsong (Harper Hall  #1)',9781416924999,'Aladdin Paperbacks','sci-fi',11.09,0.158);
INSERT INTO `Editors` VALUES (10,'Robert Moore');
INSERT INTO `BookEditors` VALUES (9781416924999,10);
INSERT INTO `Authors` VALUES (54,'Anne McCaffrey');
INSERT INTO `BookAuthors` VALUES (9781416924999,54);
INSERT INTO `Books` VALUES ('The Captain\'s Verses',9780811215800,'New Directions Publishing Corporation','fantasy',6.73,0.1419);
INSERT INTO `BookEditors` VALUES (9780811215800,10);
INSERT INTO `Authors` VALUES (55,'Pablo Neruda');
INSERT INTO `BookAuthors` VALUES (9780811215800,55);
INSERT INTO `Authors` VALUES (56,'Donald Devenish Walsh');
INSERT INTO `BookAuthors` VALUES (9780811215800,56);
INSERT INTO `Books` VALUES ('The Foundling and Other Tales of Prydain',9780805080537,'Square Fish','sci-fi',25.64,0.1544);
INSERT INTO `BookEditors` VALUES (9780805080537,NULL);
INSERT INTO `Authors` VALUES (57,'Lloyd Alexander');
INSERT INTO `BookAuthors` VALUES (9780805080537,57);
INSERT INTO `Books` VALUES ('Fight Club',9780393327342,'W.W. Norton & Company','nonfiction',18.97,0.1339);
INSERT INTO `BookEditors` VALUES (9780393327342,NULL);
INSERT INTO `Authors` VALUES (58,'Chuck Palahniuk');
INSERT INTO `BookAuthors` VALUES (9780393327342,58);
INSERT INTO `Books` VALUES ('Another Day in Paradise: The Fourth Sherman\'s Lagoon Collection',9780740720123,'Andrews McMeel Publishing','fantasy',30.54,0.0614);
INSERT INTO `BookEditors` VALUES (9780740720123,NULL);
INSERT INTO `Authors` VALUES (59,'Jim Toomey');
INSERT INTO `BookAuthors` VALUES (9780740720123,59);
INSERT INTO `Books` VALUES ('Maurice Sendak\'s Seven Little Monsters: What Time is It? - Book #4',9780786817788,'Volo','nonfiction',14.88,0.0693);
INSERT INTO `BookEditors` VALUES (9780786817788,NULL);
INSERT INTO `Authors` VALUES (60,'Arthur Yorinks');
INSERT INTO `BookAuthors` VALUES (9780786817788,60);
INSERT INTO `Authors` VALUES (61,'Raymond Jafelice');
INSERT INTO `BookAuthors` VALUES (9780786817788,61);
INSERT INTO `Books` VALUES ('Three Complete Novels: The Andromeda Strain / The Terminal Man / The Great Train Robbery',9780517084793,'Wings','mystery',13.06,0.0589);
INSERT INTO `Editors` VALUES (11,'Jay Clement');
INSERT INTO `BookEditors` VALUES (9780517084793,11);
INSERT INTO `Authors` VALUES (62,'Michael Crichton');
INSERT INTO `BookAuthors` VALUES (9780517084793,62);
INSERT INTO `Books` VALUES ('Later Novels and Other Writings: The Lady in the Lake / The Little Sister / The Long Goodbye / Playback / Double Indemnity (screenplay) / Selected Essays and Letters',9781883011086,'Library of America','mystery',7.74,0.1217);
INSERT INTO `BookEditors` VALUES (9781883011086,NULL);
INSERT INTO `Authors` VALUES (63,'Raymond Chandler');
INSERT INTO `BookAuthors` VALUES (9781883011086,63);
INSERT INTO `Authors` VALUES (64,'Frank MacShane');
INSERT INTO `BookAuthors` VALUES (9781883011086,64);
INSERT INTO `Books` VALUES ('The Smoke Jumper',9780440235163,'Dell','fantasy',7.33,0.053);
INSERT INTO `BookEditors` VALUES (9780440235163,NULL);
INSERT INTO `Authors` VALUES (65,'Nicholas Evans');
INSERT INTO `BookAuthors` VALUES (9780440235163,65);
INSERT INTO `Books` VALUES ('Kafka on the Shore',9781400079278,'Vintage International','autobiography',22.03,0.089);
INSERT INTO `BookEditors` VALUES (9781400079278,NULL);
INSERT INTO `Authors` VALUES (66,'Haruki Murakami');
INSERT INTO `BookAuthors` VALUES (9781400079278,66);
INSERT INTO `Authors` VALUES (67,'Philip Gabriel');
INSERT INTO `BookAuthors` VALUES (9781400079278,67);
INSERT INTO `Books` VALUES ('White Fang',9781402725005,'Sterling','autobiography',8.85,0.1129);
INSERT INTO `BookEditors` VALUES (9781402725005,NULL);
INSERT INTO `Authors` VALUES (68,'Kathleen Olmstead');
INSERT INTO `BookAuthors` VALUES (9781402725005,68);
INSERT INTO `Authors` VALUES (69,'Jack London');
INSERT INTO `BookAuthors` VALUES (9781402725005,69);
INSERT INTO `Authors` VALUES (70,'Dan Andreasen');
INSERT INTO `BookAuthors` VALUES (9781402725005,70);
INSERT INTO `Authors` VALUES (71,'Arthur Pober');
INSERT INTO `BookAuthors` VALUES (9781402725005,71);
INSERT INTO `Books` VALUES ('Mindstar Rising (Greg Mandel  #1)',9780812590562,'Tor Books','mystery',23.03,0.1307);
INSERT INTO `BookEditors` VALUES (9780812590562,NULL);
INSERT INTO `Authors` VALUES (72,'Peter F. Hamilton');
INSERT INTO `BookAuthors` VALUES (9780812590562,72);
INSERT INTO `Books` VALUES ('Aeneid',9780872207318,'Hackett Publishing Company  Inc.','sci-fi',16.6,0.1533);
INSERT INTO `Editors` VALUES (12,'Pamela Hanson');
INSERT INTO `BookEditors` VALUES (9780872207318,12);
INSERT INTO `Authors` VALUES (73,'Virgil');
INSERT INTO `BookAuthors` VALUES (9780872207318,73);
INSERT INTO `Authors` VALUES (74,'Stanley Lombardo');
INSERT INTO `BookAuthors` VALUES (9780872207318,74);
INSERT INTO `Authors` VALUES (75,'W. R. Johnson');
INSERT INTO `BookAuthors` VALUES (9780872207318,75);
INSERT INTO `Books` VALUES ('Hen\'s Teeth and Horse\'s Toes: Further Reflections in Natural History',9780393311037,'W.W. Norton & Company','autobiography',24.58,0.1405);
INSERT INTO `BookEditors` VALUES (9780393311037,NULL);
INSERT INTO `Authors` VALUES (76,'Stephen Jay Gould');
INSERT INTO `BookAuthors` VALUES (9780393311037,76);
INSERT INTO `Books` VALUES ('Sunstorm (A Time Odyssey  #2)',9780345452511,'Del Rey Books','sci-fi',25.21,0.1082);
INSERT INTO `Editors` VALUES (13,'Danielle Harvey');
INSERT INTO `BookEditors` VALUES (9780345452511,13);
INSERT INTO `Authors` VALUES (77,'Arthur C. Clarke');
INSERT INTO `BookAuthors` VALUES (9780345452511,77);
INSERT INTO `Authors` VALUES (78,'Stephen Baxter');
INSERT INTO `BookAuthors` VALUES (9780345452511,78);
INSERT INTO `Books` VALUES ('Une vie de rêve',9782714438133,'Pocket','autobiography',24.65,0.1106);
INSERT INTO `Editors` VALUES (14,'Lynne Shriver');
INSERT INTO `BookEditors` VALUES (9782714438133,14);
INSERT INTO `Authors` VALUES (79,'Marian Keyes');
INSERT INTO `BookAuthors` VALUES (9782714438133,79);
INSERT INTO `Books` VALUES ('Colonialism and Neocolonialism',9780415378468,'Routledge Classics','fantasy',20.49,0.0521);
INSERT INTO `Editors` VALUES (15,'Martin Montgomery');
INSERT INTO `BookEditors` VALUES (9780415378468,15);
INSERT INTO `Authors` VALUES (80,'Jean-Paul Sartre');
INSERT INTO `BookAuthors` VALUES (9780415378468,80);
INSERT INTO `Authors` VALUES (81,'Azzedine Haddour');
INSERT INTO `BookAuthors` VALUES (9780415378468,81);
INSERT INTO `Orders` VALUES (0,'Kelly Pace',9780701176150,1);
INSERT INTO `Orders` VALUES (1,'Cody Rodeheaver',9781579126254,3);
INSERT INTO `Orders` VALUES (2,'Lillie Shaw',9780553583175,1);
INSERT INTO `Orders` VALUES (3,'Paul Parris',9780743520058,2);
INSERT INTO `Orders` VALUES (4,'Michael Nitkowski',9780786817788,1);
INSERT INTO `Orders` VALUES (5,'Jason Martinez',9782714438133,3);
INSERT INTO `Orders` VALUES (6,'Carrie Reed',9780812590562,3);
INSERT INTO `Orders` VALUES (7,'Margaret Elder',9781402725005,1);
INSERT INTO `Orders` VALUES (8,'Randall Lasseter',9780812590562,2);
INSERT INTO `Orders` VALUES (9,'Shirley Pockrus',9780440235163,2);
INSERT INTO `Orders` VALUES (10,'Barbara Hoover',9782714438133,2);
INSERT INTO `Orders` VALUES (11,'Betty Aviles',9780394706313,3);
INSERT INTO `Orders` VALUES (12,'Marisa Happel',9780415378468,1);
INSERT INTO `Orders` VALUES (13,'Madeline Mclain',9780976882305,1);
INSERT INTO `Orders` VALUES (14,'Willie Davis',9780345478160,3);
INSERT INTO `Orders` VALUES (15,'Jody Williams',9780812590562,2);
INSERT INTO `Orders` VALUES (16,'Herbert Amend',9780312426217,1);
INSERT INTO `Orders` VALUES (17,'Theresa Shane',9780440235163,2);
INSERT INTO `Orders` VALUES (18,'Betty Rodgers',9781555973032,2);
INSERT INTO `Orders` VALUES (19,'Lonnie Varin',9780976882305,1);
INSERT INTO `Orders` VALUES (20,'Tina Flowers',9781572704572,2);
INSERT INTO `Orders` VALUES (21,'Vanessa Johnson',9780415378468,3);
INSERT INTO `Orders` VALUES (22,'Barbara Thomas',9780805080537,3);
INSERT INTO `Orders` VALUES (23,'Ronald Riche',9780786855384,1);
INSERT INTO `Orders` VALUES (24,'Timothy Hayes',9780312426217,1);
INSERT INTO `Orders` VALUES (25,'Alaina Foster',9780425151044,1);
INSERT INTO `Orders` VALUES (26,'Pat Collado',9780553583175,1);
INSERT INTO `Orders` VALUES (27,'Ashley Gasiewski',9781579126254,1);
INSERT INTO `Orders` VALUES (28,'Kathrine Mccardell',9780380789023,2);
INSERT INTO `Orders` VALUES (29,'Robert Gribble',9781416924999,3);
INSERT INTO `Orders` VALUES (30,'Joseph Sell',9780812590562,1);
INSERT INTO `Orders` VALUES (31,'Jorge Smith',9780312426217,1);
INSERT INTO `Orders` VALUES (32,'Joanne Cartwright',9780701176150,2);
INSERT INTO `Orders` VALUES (33,'William Johnson',9781419349997,2);
INSERT INTO `Orders` VALUES (34,'Stephen Williams',9780345478160,1);
INSERT INTO `Orders` VALUES (35,'Tina Hamblin',9780192834423,3);
INSERT INTO `Orders` VALUES (36,'Gregory May',9781932664591,2);
INSERT INTO `Orders` VALUES (37,'Matt Mason',9780394706313,3);
INSERT INTO `Orders` VALUES (50,'Matt Mason',9780756401535,1);
INSERT INTO `Orders` VALUES (38,'Joan Cobos',9780756401535,3);
INSERT INTO `Orders` VALUES (39,'Bernard Umland',9780972018418,2);
INSERT INTO `Orders` VALUES (40,'Carmen Duer',9780192834423,3);
INSERT INTO `Orders` VALUES (41,'Joseph Holland',9780521286916,1);
INSERT INTO `Orders` VALUES (42,'Jo Rodriguez',9780756403638,2);
INSERT INTO `Orders` VALUES (43,'Hellen Thackston',9781583224717,3);
INSERT INTO `Orders` VALUES (44,'Soledad Robinson',9780701176150,3);
INSERT INTO `Orders` VALUES (45,'Rima Otero',9780553583175,2);
INSERT INTO `Orders` VALUES (46,'Allen Edwards',9780393327342,3);
INSERT INTO `Orders` VALUES (47,'Karena Shawgo',9780786855384,2);
INSERT INTO `Orders` VALUES (48,'John Southard',9781555973032,1);
INSERT INTO `Orders` VALUES (49,'Harry Smith',9780812216509,1);
